{"accuracy":1,"Training_stats":{"size":51972,"path":"media/images/Training_stats_3752_83535d3949703e941686.png","format":"png","width":1500,"height":500,"_type":"image-file","sha256":"83535d3949703e941686e87024dd753c657f940d0470c40a88ea539d5835bfcc"},"_wandb":{"runtime":34},"_runtime":34,"_timestamp":1.7682289028685493e+09,"_step":3752,"loss":0.047112639993429184}