{"accuracy":0.9375,"_timestamp":1.7682287987548137e+09,"_step":3751,"loss":0.09003257751464844,"_wandb":{"runtime":36},"_runtime":36}