{"_runtime":79,"_wandb":{"runtime":79},"_timestamp":1.7682280581447637e+09,"_step":9379,"loss":0.009887500666081905,"accuracy":1}